streak,completion_rate,missed_days,last_7_days,average_session_minutes,priority,goal_type,completed_next_7_days
27,0.75,2,"1,1,1,1,1,1,0",36,balanced,health,1
0,0.16,7,"0,0,0,0,1,1,0",24,balanced,mindfulness,0
12,0.9,2,"1,1,1,1,1,1,1",68,high,health,1
3,0.16,9,"0,0,0,0,0,0,1",12,balanced,learning,0
26,0.95,2,"1,1,1,1,1,1,1",49,high,health,1
5,0.22,8,"1,1,0,0,1,0,0",31,balanced,learning,0
28,0.89,1,"1,1,1,1,1,1,1",56,high,productivity,1
3,0.24,12,"0,1,1,0,0,0,0",16,balanced,mindfulness,0
27,0.85,3,"1,1,1,1,1,1,1",58,balanced,productivity,1
2,0.22,6,"0,0,0,1,1,0,0",31,balanced,learning,0
9,0.82,3,"1,1,1,1,1,1,1",57,high,health,1
5,0.53,8,"0,0,0,0,0,0,1",33,balanced,learning,0
12,0.85,0,"1,1,1,1,1,1,1",63,high,fitness,1
2,0.47,12,"0,0,1,0,0,0,0",36,balanced,mindfulness,0
8,0.78,0,"1,1,1,1,1,0,0",41,high,productivity,1
4,0.2,12,"0,0,0,0,0,1,0",19,balanced,learning,0
27,0.82,3,"1,1,1,1,1,1,1",27,high,fitness,1
0,0.15,4,"0,0,0,0,0,0,0",33,balanced,mindfulness,0
22,0.93,1,"1,1,1,1,1,1,1",79,balanced,productivity,1
5,0.14,5,"0,0,1,0,0,0,0",18,balanced,mindfulness,0
9,0.84,0,"1,1,1,1,1,1,1",26,high,fitness,1
1,0.31,11,"1,1,0,0,0,1,1",19,balanced,learning,0
24,0.89,3,"1,1,1,1,1,1,1",32,high,learning,1
0,0.14,11,"0,0,1,0,0,0,1",12,low,learning,0
14,0.82,1,"1,1,1,1,1,1,1",30,high,productivity,1
5,0.39,12,"0,1,0,1,0,0,0",19,balanced,productivity,0
9,0.72,0,"1,1,1,1,1,1,1",41,balanced,health,1
1,0.29,6,"0,1,1,0,1,0,0",36,balanced,learning,0
10,0.96,1,"1,1,1,1,1,1,1",38,high,learning,1
2,0.4,9,"0,1,0,0,1,0,0",36,balanced,mindfulness,0
7,0.81,1,"1,1,1,1,1,1,1",58,high,productivity,1
4,0.44,12,"0,1,0,0,0,0,0",23,low,mindfulness,0
16,0.81,0,"1,1,1,1,1,1,1",56,high,learning,1
4,0.53,10,"0,0,1,1,0,0,1",15,balanced,mindfulness,0
12,0.91,2,"1,1,1,1,1,1,0",56,balanced,fitness,1
5,0.17,4,"0,0,1,0,0,1,0",10,low,productivity,0
17,0.79,0,"1,1,1,1,1,1,1",90,balanced,learning,1
0,0.17,8,"0,1,0,0,0,1,0",26,low,productivity,0
25,0.77,0,"1,1,1,1,1,1,1",80,high,fitness,1
2,0.32,9,"0,0,0,1,1,0,0",23,balanced,productivity,0
16,0.86,1,"1,1,1,1,1,1,1",73,high,learning,1
3,0.37,4,"0,0,0,0,0,0,0",16,balanced,learning,0
12,0.89,2,"1,1,1,1,1,1,1",67,high,fitness,1
5,0.26,7,"0,0,0,1,0,0,0",16,balanced,productivity,0
19,0.78,0,"1,1,1,1,1,0,1",84,high,fitness,1
0,0.33,11,"0,0,0,0,0,1,0",36,balanced,learning,0
21,0.95,3,"1,1,1,1,1,1,1",56,balanced,productivity,1
5,0.23,11,"1,0,0,1,0,0,0",14,low,mindfulness,0
20,0.83,3,"1,1,1,1,1,1,1",78,balanced,health,1
4,0.29,4,"0,0,0,1,1,0,1",35,low,productivity,0
14,0.79,3,"1,1,1,1,1,1,1",76,high,productivity,1
1,0.57,12,"1,0,0,0,0,1,0",18,balanced,productivity,0
13,0.84,2,"1,1,1,1,1,1,1",78,balanced,health,1
3,0.13,12,"1,0,0,1,0,1,1",16,low,learning,0
11,0.78,3,"1,1,1,1,1,1,1",39,high,productivity,1
5,0.24,9,"0,1,1,1,0,0,0",39,balanced,learning,0
28,0.96,3,"1,1,1,1,1,1,0",50,high,fitness,1
0,0.44,8,"0,0,0,0,1,1,0",23,balanced,mindfulness,0
23,0.89,0,"1,1,1,1,1,1,0",38,balanced,learning,1
5,0.53,11,"0,0,0,0,0,0,0",39,balanced,productivity,0
20,0.93,2,"1,1,1,1,1,1,0",36,balanced,productivity,1
1,0.47,10,"0,0,1,0,0,1,0",38,balanced,learning,0
7,0.85,1,"1,1,1,1,1,1,1",55,balanced,productivity,1
3,0.48,5,"0,0,0,0,0,0,0",23,balanced,productivity,0
21,0.79,2,"1,1,1,1,1,1,1",40,high,fitness,1
1,0.46,8,"0,0,0,1,0,1,1",19,low,productivity,0
12,0.8,1,"1,1,1,1,1,1,1",31,balanced,fitness,1
5,0.52,11,"1,0,0,0,0,0,1",25,low,mindfulness,0
19,0.85,0,"1,1,1,1,1,1,1",63,high,fitness,1
0,0.38,10,"0,0,0,0,1,0,1",19,balanced,productivity,0
25,0.88,0,"1,1,1,1,1,1,1",35,high,fitness,1
1,0.37,6,"0,0,0,0,0,0,1",12,low,productivity,0
27,0.87,1,"1,1,1,1,1,1,1",53,high,learning,1
1,0.15,6,"0,0,1,1,0,0,0",22,balanced,learning,0
24,0.85,0,"1,1,1,1,1,1,1",30,balanced,learning,1
4,0.24,5,"1,1,0,1,1,0,0",11,low,productivity,0
23,0.89,2,"1,1,1,1,1,0,1",87,high,productivity,1
2,0.31,9,"0,0,0,0,0,0,0",22,low,productivity,0
9,0.8,2,"1,1,1,1,1,0,1",90,high,productivity,1
3,0.14,12,"0,0,0,0,0,0,0",19,balanced,learning,0
22,0.75,1,"1,1,1,1,1,1,1",45,balanced,health,1
4,0.31,7,"0,0,1,0,1,0,0",36,balanced,productivity,0
14,0.84,1,"1,1,1,1,1,1,1",90,high,health,1
2,0.48,10,"0,1,0,1,0,0,0",31,balanced,mindfulness,0
21,0.86,2,"1,1,1,1,1,1,1",73,balanced,learning,1
1,0.57,7,"0,0,0,1,0,0,0",39,balanced,productivity,0
28,0.93,1,"1,1,1,1,1,1,0",41,balanced,health,1
3,0.17,11,"1,0,0,0,0,1,0",32,balanced,learning,0
9,0.94,3,"1,1,1,1,1,1,1",87,high,health,1
1,0.41,8,"1,0,0,0,1,0,0",38,low,mindfulness,0
17,0.93,2,"1,1,1,1,1,1,1",43,high,productivity,1
4,0.43,6,"0,0,0,0,0,0,0",30,balanced,productivity,0
15,0.89,3,"1,1,1,1,1,1,1",45,high,productivity,1
2,0.57,8,"0,0,1,0,0,0,1",37,balanced,mindfulness,0
14,0.82,2,"1,1,1,1,1,1,1",62,balanced,health,1
5,0.3,4,"0,0,1,1,1,1,1",36,balanced,mindfulness,0
26,0.93,1,"1,1,1,1,1,1,1",49,balanced,fitness,1
5,0.16,4,"0,1,0,0,0,1,0",23,low,mindfulness,0
11,0.92,2,"1,1,1,1,1,1,1",89,balanced,fitness,1
2,0.54,11,"0,1,0,0,1,0,1",37,balanced,learning,0
18,0.74,3,"1,1,1,1,1,1,1",72,balanced,productivity,1
5,0.55,5,"0,0,0,0,1,0,1",17,low,learning,0
21,0.96,2,"1,1,1,1,1,1,1",77,high,fitness,1
0,0.56,8,"0,0,0,0,0,0,1",32,balanced,learning,0
11,0.95,0,"1,1,1,1,1,1,1",60,high,learning,1
1,0.32,7,"0,0,0,0,1,0,0",16,low,productivity,0
9,0.89,0,"1,1,1,1,1,0,1",41,high,health,1
4,0.22,7,"0,0,1,0,1,0,0",18,low,mindfulness,0
28,0.95,1,"1,1,1,1,1,1,0",66,high,fitness,1
2,0.14,10,"0,0,0,0,0,0,0",24,low,learning,0
8,0.91,2,"1,1,1,1,1,1,1",28,high,productivity,1
3,0.32,5,"0,1,0,1,0,0,0",29,balanced,productivity,0
26,0.86,3,"1,1,1,1,1,1,1",80,high,health,1
5,0.42,12,"0,0,1,0,1,0,1",22,balanced,learning,0
10,0.8,2,"1,1,1,1,1,1,1",57,balanced,fitness,1
5,0.54,5,"1,0,0,1,1,0,0",27,balanced,learning,0
10,0.83,3,"1,1,1,1,1,1,1",31,balanced,learning,1
2,0.17,12,"0,0,1,0,0,0,0",17,balanced,learning,0
26,0.88,0,"1,1,1,1,1,1,1",59,high,fitness,1
2,0.44,8,"0,0,0,0,0,0,1",10,low,learning,0
23,0.78,3,"1,1,1,1,1,1,1",72,balanced,learning,1
4,0.39,4,"0,0,0,0,0,0,0",18,low,learning,0
10,0.81,0,"1,1,1,1,1,1,1",87,balanced,health,1
1,0.3,4,"0,1,1,1,0,0,0",23,low,mindfulness,0
19,0.86,1,"1,1,1,1,1,1,1",70,high,productivity,1
5,0.14,4,"0,1,1,0,0,1,0",13,balanced,mindfulness,0
17,0.76,3,"1,1,1,1,1,1,1",71,high,productivity,1
0,0.23,10,"0,0,0,1,1,0,1",12,low,learning,0
23,0.77,2,"1,1,1,1,1,1,0",43,high,health,1
1,0.24,6,"0,0,0,1,0,1,0",24,balanced,learning,0
25,0.89,2,"1,1,1,1,1,1,1",65,high,productivity,1
0,0.34,8,"0,0,0,0,0,0,0",19,low,learning,0
9,0.88,3,"1,1,1,1,1,1,1",30,balanced,fitness,1
2,0.4,12,"1,0,1,1,1,0,0",11,low,learning,0
21,0.98,1,"1,1,1,1,1,1,1",61,balanced,productivity,1
2,0.43,4,"0,0,0,0,0,0,0",33,low,productivity,0
9,0.87,1,"1,1,1,1,1,1,1",75,high,health,1
2,0.38,9,"0,1,1,0,0,0,0",21,low,productivity,0
16,0.77,1,"1,1,1,1,1,1,0",87,high,fitness,1
1,0.19,8,"0,0,1,0,0,1,0",29,balanced,mindfulness,0
12,0.77,1,"1,1,1,1,1,1,1",81,high,productivity,1
2,0.43,7,"0,0,1,1,0,0,1",35,balanced,mindfulness,0
18,0.9,3,"1,1,1,1,1,1,0",73,balanced,fitness,1
1,0.49,6,"0,0,0,0,1,1,0",13,balanced,mindfulness,0
12,0.79,1,"1,1,1,1,1,1,1",53,balanced,learning,1
0,0.31,10,"0,0,0,0,0,0,0",13,balanced,mindfulness,0
11,0.73,3,"1,1,1,1,1,1,1",42,balanced,productivity,1
4,0.12,5,"0,1,0,1,0,0,0",19,low,mindfulness,0
14,0.83,3,"1,1,1,1,1,1,0",27,high,fitness,1
2,0.32,9,"0,0,0,0,0,1,0",35,low,productivity,0
22,0.73,3,"1,1,1,1,1,1,1",27,balanced,health,1
2,0.23,5,"0,0,1,0,0,0,1",15,balanced,learning,0
22,0.88,1,"1,1,1,1,1,0,0",29,balanced,fitness,1
0,0.48,4,"0,1,0,1,0,0,1",16,balanced,productivity,0
8,0.95,2,"1,1,1,1,1,1,1",72,balanced,productivity,1
5,0.32,10,"0,1,0,0,1,0,1",33,balanced,mindfulness,0
20,0.88,1,"1,1,1,1,1,1,1",62,balanced,health,1
0,0.27,8,"0,0,1,0,0,0,1",39,balanced,learning,0
20,0.79,0,"1,1,1,1,1,1,1",90,high,health,1
1,0.51,11,"0,0,0,0,1,0,0",24,balanced,productivity,0
21,0.92,1,"1,1,1,1,1,1,1",71,balanced,learning,1
5,0.25,5,"1,0,0,0,0,0,0",29,balanced,learning,0
22,0.77,1,"1,1,1,1,1,1,0",81,high,learning,1
5,0.28,5,"0,0,0,1,1,1,1",30,low,productivity,0
23,0.78,1,"1,1,1,1,1,1,1",71,balanced,productivity,1
4,0.18,5,"0,1,1,0,1,1,0",20,low,productivity,0
21,0.9,2,"1,1,1,1,1,0,0",48,high,productivity,1
4,0.54,4,"0,0,0,1,0,1,0",19,low,productivity,0
13,0.89,2,"1,1,1,1,1,1,1",36,high,fitness,1
1,0.42,9,"0,0,0,1,0,1,1",18,low,learning,0
20,0.88,0,"1,1,1,1,1,1,0",62,balanced,productivity,1
1,0.49,10,"0,0,0,0,0,0,0",14,balanced,learning,0
17,0.91,2,"1,1,1,1,1,1,1",72,high,learning,1
1,0.33,8,"0,0,0,0,0,0,0",37,low,productivity,0
25,0.91,1,"1,1,1,1,1,1,1",88,balanced,productivity,1
0,0.16,10,"0,0,0,0,0,0,0",29,balanced,productivity,0
24,0.72,0,"1,1,1,1,1,1,1",58,balanced,productivity,1
2,0.14,4,"0,0,0,0,0,0,0",27,balanced,learning,0
28,0.88,1,"1,1,1,1,1,1,0",68,balanced,fitness,1
1,0.4,10,"0,0,0,0,1,1,0",14,low,productivity,0
26,0.8,3,"1,1,1,1,1,1,1",63,balanced,productivity,1
5,0.38,11,"0,0,1,0,1,1,0",10,balanced,productivity,0
27,0.92,1,"1,1,1,1,1,1,1",31,balanced,fitness,1
4,0.41,10,"1,0,0,1,0,0,0",23,low,productivity,0
23,0.92,3,"1,1,1,1,1,1,1",32,high,fitness,1
4,0.27,11,"0,0,0,1,0,0,0",31,balanced,learning,0
22,0.77,1,"1,1,1,1,1,1,1",53,balanced,learning,1
5,0.22,11,"0,0,0,1,1,0,0",27,balanced,productivity,0
18,0.97,1,"1,1,1,1,1,1,1",35,balanced,productivity,1
5,0.24,11,"0,0,1,0,0,0,0",17,low,learning,0
23,0.78,1,"1,1,1,1,1,1,1",85,high,fitness,1
0,0.56,6,"0,0,1,0,0,1,0",19,low,mindfulness,0
27,0.87,0,"1,1,1,1,1,1,0",29,balanced,productivity,1
1,0.55,8,"0,0,0,1,0,1,0",25,low,learning,0
21,0.79,0,"1,1,1,1,1,1,1",83,balanced,fitness,1
0,0.46,8,"0,0,0,0,0,0,0",23,balanced,mindfulness,0
19,0.89,1,"1,1,1,1,1,1,0",25,balanced,productivity,1
1,0.33,8,"0,0,1,0,0,0,0",13,balanced,productivity,0
12,0.83,2,"1,1,1,1,1,1,1",40,balanced,learning,1
4,0.22,6,"0,0,1,0,0,0,0",27,low,mindfulness,0
28,0.92,0,"1,1,1,1,1,1,1",82,balanced,health,1
4,0.17,12,"0,0,0,0,0,1,0",31,low,learning,0
25,0.85,3,"1,1,1,1,1,1,1",83,high,productivity,1
5,0.49,4,"0,0,0,0,0,0,1",27,low,mindfulness,0
22,0.73,3,"1,1,1,1,1,0,0",78,balanced,productivity,1
3,0.52,10,"0,0,1,1,0,1,0",27,balanced,learning,0
11,0.91,1,"1,1,1,1,1,0,0",84,balanced,productivity,1
1,0.23,9,"0,1,1,0,1,0,1",38,low,mindfulness,0
13,0.74,0,"1,1,1,1,1,1,1",31,high,health,1
3,0.32,12,"1,1,0,1,0,1,0",28,balanced,mindfulness,0
16,0.95,1,"1,1,1,1,1,1,1",32,high,productivity,1
4,0.35,9,"0,0,0,1,0,0,0",22,low,learning,0
22,0.78,1,"1,1,1,1,1,1,0",43,balanced,health,1
4,0.31,10,"0,0,0,0,0,0,0",24,balanced,mindfulness,0
24,0.91,1,"1,1,1,1,1,1,1",30,high,fitness,1
4,0.45,12,"0,1,0,1,0,1,1",13,balanced,mindfulness,0
26,0.9,3,"1,1,1,1,1,1,0",73,balanced,learning,1
2,0.24,12,"0,0,1,1,1,0,0",20,balanced,mindfulness,0
25,0.94,1,"1,1,1,1,1,1,0",78,balanced,fitness,1
1,0.27,10,"0,0,1,0,0,0,0",36,balanced,learning,0
27,0.91,3,"1,1,1,1,1,0,1",42,balanced,fitness,1
4,0.58,4,"0,0,0,1,1,0,1",23,low,learning,0
14,0.74,1,"1,1,1,1,1,1,1",32,balanced,productivity,1
0,0.12,12,"0,0,0,0,1,0,1",31,balanced,mindfulness,0
10,0.96,1,"1,1,1,1,1,1,1",70,balanced,productivity,1
0,0.29,10,"0,0,1,0,0,1,0",37,low,mindfulness,0
19,0.82,3,"1,1,1,1,1,1,0",35,balanced,productivity,1
5,0.48,5,"0,0,1,0,1,0,0",18,low,mindfulness,0
28,0.96,0,"1,1,1,1,1,0,1",51,high,productivity,1
0,0.26,7,"0,0,1,0,1,0,1",14,low,learning,0
18,0.73,3,"1,1,1,1,1,0,1",75,balanced,health,1
5,0.25,11,"0,0,0,0,0,0,0",34,balanced,mindfulness,0
9,0.74,1,"1,1,1,1,1,1,0",44,balanced,learning,1
2,0.17,4,"0,0,1,0,0,0,0",26,balanced,mindfulness,0
7,0.74,0,"1,1,1,1,1,1,1",66,balanced,health,1
2,0.31,5,"0,0,1,1,1,0,0",22,low,mindfulness,0
15,0.8,3,"1,1,1,1,1,1,1",78,balanced,productivity,1
0,0.29,7,"0,0,0,0,0,0,0",40,balanced,productivity,0
26,0.82,2,"1,1,1,1,1,1,1",42,balanced,learning,1
4,0.56,7,"0,0,1,1,0,0,0",28,low,productivity,0
19,0.79,3,"1,1,1,1,1,1,1",50,high,health,1
5,0.33,7,"0,1,1,0,1,1,0",14,balanced,mindfulness,0
15,0.89,3,"1,1,1,1,1,1,1",86,balanced,productivity,1
4,0.14,9,"0,0,1,0,0,0,1",31,balanced,mindfulness,0
27,0.88,3,"1,1,1,1,1,1,0",80,high,health,1
0,0.24,12,"0,0,0,0,0,0,0",34,low,productivity,0
7,0.85,2,"1,1,1,1,1,1,0",35,high,fitness,1
2,0.26,11,"0,0,0,1,0,0,0",32,low,mindfulness,0
17,0.89,1,"1,1,1,1,1,1,1",56,high,fitness,1
2,0.38,11,"1,0,0,0,0,1,1",24,balanced,productivity,0
7,0.9,1,"1,1,1,1,1,1,0",33,high,fitness,1
2,0.27,11,"0,1,0,0,0,0,0",21,balanced,productivity,0
26,0.76,2,"1,1,1,1,1,1,1",35,high,learning,1
0,0.23,5,"0,0,0,0,0,0,0",27,low,learning,0
12,0.85,1,"1,1,1,1,1,1,1",31,balanced,health,1
3,0.18,10,"0,0,0,0,0,0,1",25,low,mindfulness,0
25,0.73,1,"1,1,1,1,1,1,1",53,balanced,fitness,1
3,0.38,11,"0,0,0,0,0,0,1",27,low,learning,0
21,0.86,3,"1,1,1,1,1,0,1",56,balanced,health,1
3,0.24,5,"0,1,0,1,0,1,0",37,balanced,mindfulness,0
26,0.76,1,"1,1,1,1,1,0,1",60,high,learning,1
5,0.25,8,"0,0,1,0,0,1,1",39,low,productivity,0
27,0.75,1,"1,1,1,1,1,1,1",56,balanced,productivity,1
1,0.39,8,"0,0,0,0,0,1,0",26,balanced,learning,0
18,0.84,3,"1,1,1,1,1,1,1",36,balanced,learning,1
0,0.49,10,"1,1,0,0,0,0,0",37,balanced,productivity,0
28,0.92,0,"1,1,1,1,1,1,0",27,high,fitness,1
3,0.33,10,"1,1,1,0,1,1,0",21,balanced,mindfulness,0
18,0.89,1,"1,1,1,1,1,1,1",54,balanced,health,1
5,0.16,7,"0,0,0,0,0,0,0",13,balanced,learning,0
11,0.84,1,"1,1,1,1,1,1,1",38,high,learning,1
2,0.53,6,"0,1,1,0,1,0,0",10,low,productivity,0
18,0.91,1,"1,1,1,1,1,1,1",81,high,health,1
0,0.18,5,"0,0,1,0,0,1,0",30,low,mindfulness,0
24,0.88,2,"1,1,1,1,1,1,1",28,balanced,fitness,1
4,0.4,7,"0,0,0,0,1,1,0",22,low,mindfulness,0
22,0.89,0,"1,1,1,1,1,1,1",26,balanced,learning,1
1,0.3,10,"0,0,0,0,1,0,0",10,balanced,mindfulness,0
8,0.96,3,"1,1,1,1,1,1,1",61,balanced,productivity,1
5,0.31,12,"0,0,0,0,0,0,0",35,low,learning,0
17,0.82,0,"1,1,1,1,1,1,1",55,high,fitness,1
0,0.55,5,"0,0,0,0,0,0,0",14,low,mindfulness,0
22,0.97,2,"1,1,1,1,1,1,0",59,high,health,1
2,0.49,8,"0,0,0,1,0,0,0",21,low,productivity,0
25,0.76,1,"1,1,1,1,1,1,0",39,high,health,1
0,0.51,4,"0,0,1,0,1,0,1",32,balanced,mindfulness,0
17,0.78,2,"1,1,1,1,1,1,0",72,high,health,1
1,0.22,12,"1,0,0,0,1,0,0",10,balanced,mindfulness,0
16,0.87,2,"1,1,1,1,1,1,1",56,balanced,learning,1
4,0.57,7,"0,0,1,1,0,0,0",17,balanced,learning,0
7,0.97,0,"1,1,1,1,1,1,1",73,balanced,health,1
1,0.36,7,"0,0,0,1,1,0,1",38,balanced,learning,0
18,0.84,0,"1,1,1,1,1,1,1",37,high,productivity,1
0,0.39,4,"0,0,0,0,1,1,0",36,balanced,productivity,0
21,0.79,0,"1,1,1,1,1,1,0",38,high,health,1
1,0.33,9,"0,0,0,1,0,0,1",12,low,learning,0
16,0.93,0,"1,1,1,1,1,0,1",36,high,learning,1
3,0.36,8,"0,1,0,1,1,0,0",13,balanced,mindfulness,0
11,0.75,0,"1,1,1,1,1,1,0",72,high,learning,1
0,0.13,5,"1,0,0,1,1,0,0",24,low,mindfulness,0
25,0.83,3,"1,1,1,1,1,1,1",79,high,learning,1
1,0.54,8,"0,0,0,0,0,0,0",38,balanced,mindfulness,0
9,0.79,1,"1,1,1,1,1,1,1",56,high,productivity,1
5,0.29,12,"0,0,0,0,0,0,0",10,balanced,mindfulness,0
22,0.86,1,"1,1,1,1,1,1,1",59,high,fitness,1
4,0.51,10,"0,1,1,0,0,0,1",21,low,learning,0
18,0.97,1,"1,1,1,1,1,1,1",49,balanced,learning,1
1,0.35,5,"0,0,0,0,1,0,0",32,low,productivity,0
8,0.73,1,"1,1,1,1,1,0,0",34,balanced,productivity,1
4,0.17,8,"0,0,0,1,1,1,0",15,balanced,mindfulness,0
28,0.87,1,"1,1,1,1,1,1,1",62,high,fitness,1
5,0.12,10,"0,0,0,0,1,1,0",28,low,productivity,0
11,0.81,0,"1,1,1,1,1,1,1",36,balanced,productivity,1
0,0.24,7,"0,0,0,0,0,0,0",33,balanced,mindfulness,0
20,0.85,3,"1,1,1,1,1,1,1",37,balanced,fitness,1
1,0.33,4,"0,0,0,0,0,1,0",12,low,productivity,0
26,0.98,3,"1,1,1,1,1,1,1",28,balanced,fitness,1
4,0.53,6,"0,0,0,0,1,1,0",19,balanced,mindfulness,0
10,0.73,3,"1,1,1,1,1,1,1",36,balanced,productivity,1
1,0.16,7,"0,1,0,0,1,0,1",18,low,learning,0
24,0.82,2,"1,1,1,1,1,1,1",82,high,learning,1
3,0.33,7,"0,0,0,0,0,0,1",23,low,learning,0
8,0.94,3,"1,1,1,1,1,1,1",85,high,productivity,1
2,0.16,4,"0,0,0,0,0,1,0",40,balanced,mindfulness,0
12,0.97,1,"1,1,1,1,1,1,1",80,high,fitness,1
4,0.24,5,"0,0,0,0,0,1,1",29,balanced,mindfulness,0
20,0.76,0,"1,1,1,1,1,1,1",61,balanced,productivity,1
2,0.3,11,"0,0,0,0,0,0,0",32,balanced,mindfulness,0
19,0.95,2,"1,1,1,1,1,1,1",55,high,productivity,1
2,0.53,4,"0,1,0,0,0,0,0",37,low,mindfulness,0
16,0.97,3,"1,1,1,1,1,1,1",78,high,fitness,1
3,0.22,10,"0,0,0,0,0,0,1",12,balanced,learning,0
23,0.82,0,"1,1,1,1,1,1,0",32,high,health,1
3,0.14,9,"0,0,0,0,0,0,1",31,low,mindfulness,0
18,0.85,3,"1,1,1,1,1,0,1",69,balanced,fitness,1
2,0.46,5,"0,0,0,1,1,0,0",17,low,productivity,0
27,0.83,0,"1,1,1,1,1,1,1",26,balanced,fitness,1
5,0.2,4,"0,1,0,1,0,0,0",21,balanced,productivity,0
13,0.84,3,"1,1,1,1,1,1,1",38,high,learning,1
4,0.42,8,"0,0,0,0,0,0,0",30,balanced,mindfulness,0
11,0.85,1,"1,1,1,1,1,0,0",76,balanced,fitness,1
5,0.13,11,"0,0,0,0,0,1,0",16,balanced,learning,0
14,0.9,3,"1,1,1,1,1,1,1",70,balanced,fitness,1
5,0.52,6,"0,0,0,0,1,1,0",31,balanced,learning,0
9,0.78,1,"1,1,1,1,1,1,1",64,balanced,learning,1
2,0.24,8,"0,1,0,1,0,1,0",38,low,learning,0
10,0.95,3,"1,1,1,1,1,1,1",63,balanced,health,1
1,0.18,7,"0,0,0,1,0,0,1",34,low,productivity,0
17,0.88,1,"1,1,1,1,1,1,1",25,balanced,learning,1
1,0.47,6,"0,0,1,0,1,0,0",30,balanced,productivity,0
20,0.97,3,"1,1,1,1,1,1,1",72,high,learning,1
4,0.21,4,"0,0,1,0,1,0,0",26,balanced,mindfulness,0
9,0.93,2,"1,1,1,1,1,1,1",68,balanced,fitness,1
2,0.58,11,"0,1,0,1,1,0,0",14,low,learning,0
7,0.87,1,"1,1,1,1,1,1,1",29,balanced,learning,1
4,0.41,4,"0,0,0,1,0,0,0",13,balanced,productivity,0
11,0.77,0,"1,1,1,1,1,1,1",37,balanced,fitness,1
3,0.5,5,"0,0,1,0,0,0,0",16,balanced,learning,0
13,0.81,3,"1,1,1,1,1,1,1",88,high,productivity,1
2,0.23,4,"0,0,0,0,0,0,1",34,low,learning,0
10,0.96,1,"1,1,1,1,1,1,0",62,balanced,productivity,1
0,0.17,6,"1,0,0,0,0,1,1",10,low,learning,0
27,0.76,2,"1,1,1,1,1,1,0",59,high,learning,1
2,0.2,10,"0,1,0,0,1,1,0",35,low,mindfulness,0
11,0.9,0,"1,1,1,1,1,1,0",86,balanced,fitness,1
4,0.29,9,"0,0,0,0,1,1,0",39,balanced,mindfulness,0
20,0.83,0,"1,1,1,1,1,1,1",26,high,learning,1
4,0.36,5,"0,0,0,0,0,0,1",27,low,mindfulness,0
27,0.96,3,"1,1,1,1,1,1,0",34,balanced,learning,1
1,0.27,8,"0,0,0,1,0,0,0",12,balanced,productivity,0
17,0.75,3,"1,1,1,1,1,1,1",27,high,productivity,1
3,0.14,12,"1,1,1,0,1,0,0",24,balanced,productivity,0
8,0.93,3,"1,1,1,1,1,1,1",85,balanced,productivity,1
0,0.16,7,"0,1,1,0,0,1,0",15,balanced,mindfulness,0
20,0.75,1,"1,1,1,1,1,1,0",52,balanced,fitness,1
5,0.28,10,"1,1,0,1,0,0,1",14,balanced,mindfulness,0
23,0.91,3,"1,1,1,1,1,1,1",86,high,fitness,1
5,0.5,5,"0,0,0,0,1,0,0",32,low,productivity,0
19,0.97,2,"1,1,1,1,1,1,0",42,balanced,learning,1
5,0.37,9,"0,0,1,0,0,0,1",31,balanced,learning,0
11,0.98,1,"1,1,1,1,1,1,1",66,high,learning,1
4,0.34,10,"0,0,1,1,0,1,1",26,low,mindfulness,0
19,0.76,0,"1,1,1,1,1,1,0",61,balanced,fitness,1
0,0.44,8,"1,0,1,0,1,1,1",33,balanced,mindfulness,0
23,0.92,2,"1,1,1,1,1,1,1",31,balanced,productivity,1
3,0.56,9,"0,0,0,1,0,1,1",24,low,learning,0
27,0.82,1,"1,1,1,1,1,1,1",49,balanced,productivity,1
1,0.57,5,"1,1,0,0,0,0,0",37,balanced,mindfulness,0
17,0.84,1,"1,1,1,1,1,1,1",31,balanced,productivity,1
4,0.37,5,"0,0,0,0,0,0,0",23,balanced,mindfulness,0
18,0.78,1,"1,1,1,1,1,1,1",67,balanced,learning,1
2,0.22,12,"0,1,1,1,0,0,0",38,low,mindfulness,0
28,0.95,3,"1,1,1,1,1,1,1",61,high,learning,1
4,0.49,11,"0,0,1,0,0,1,0",40,low,learning,0
9,0.77,1,"1,1,1,1,1,1,1",79,high,fitness,1
4,0.5,10,"0,0,1,0,0,0,1",11,low,mindfulness,0
8,0.77,2,"1,1,1,1,1,1,1",34,high,learning,1
3,0.3,10,"0,0,0,0,0,1,0",33,low,learning,0
9,0.81,0,"1,1,1,1,1,1,0",63,high,learning,1
3,0.3,4,"0,0,0,1,1,1,0",30,low,productivity,0
28,0.95,2,"1,1,1,1,1,1,1",40,high,health,1
4,0.39,12,"0,0,1,0,1,1,0",23,low,mindfulness,0
12,0.78,2,"1,1,1,1,1,1,1",31,balanced,health,1
2,0.43,8,"0,0,1,0,0,0,0",12,low,productivity,0
22,0.84,2,"1,1,1,1,1,1,1",44,balanced,learning,1
3,0.2,9,"1,1,0,0,0,0,0",25,balanced,productivity,0
18,0.92,3,"1,1,1,1,1,1,1",38,high,health,1
2,0.52,6,"0,0,0,1,0,1,1",37,low,learning,0
25,0.83,1,"1,1,1,1,1,1,1",85,high,learning,1
3,0.22,8,"0,0,0,0,0,1,1",29,low,learning,0
11,0.84,1,"1,1,1,1,1,1,1",43,balanced,learning,1
0,0.22,11,"0,0,0,0,1,0,0",24,low,mindfulness,0
27,0.8,2,"1,1,1,1,1,1,1",58,high,productivity,1
5,0.29,5,"0,0,0,1,0,0,1",21,balanced,productivity,0
26,0.72,1,"1,1,1,1,1,1,1",34,balanced,fitness,1
1,0.21,9,"0,0,1,0,0,1,1",25,balanced,productivity,0
13,0.87,3,"1,1,1,1,1,1,1",45,high,health,1
4,0.19,6,"0,1,0,0,1,0,1",33,balanced,mindfulness,0
13,0.84,3,"1,1,1,1,1,1,1",77,high,fitness,1
4,0.42,8,"1,0,0,0,0,0,0",16,balanced,mindfulness,0
26,0.75,3,"1,1,1,1,1,1,1",29,high,health,1
3,0.42,12,"1,1,0,0,0,0,0",17,balanced,productivity,0
18,0.87,0,"1,1,1,1,1,1,1",86,high,health,1
2,0.4,12,"0,0,0,1,0,0,0",22,low,learning,0
17,0.83,0,"1,1,1,1,1,1,1",58,balanced,learning,1
4,0.25,10,"0,1,0,0,0,0,0",21,balanced,learning,0
11,0.94,0,"1,1,1,1,1,1,1",54,balanced,fitness,1
0,0.22,10,"0,1,0,0,0,0,0",35,low,mindfulness,0
22,0.96,3,"1,1,1,1,1,1,1",35,high,productivity,1
3,0.4,12,"0,1,0,1,1,0,0",16,balanced,mindfulness,0
8,0.92,1,"1,1,1,1,1,1,1",46,high,learning,1
1,0.42,6,"1,1,0,0,0,0,1",12,low,learning,0
16,0.91,2,"1,1,1,1,1,1,0",60,high,fitness,1
3,0.55,4,"0,0,0,0,0,0,0",26,balanced,learning,0
25,0.79,3,"1,1,1,1,1,1,1",56,balanced,productivity,1
5,0.33,4,"0,0,0,0,1,0,0",20,balanced,productivity,0
23,0.86,2,"1,1,1,1,1,1,1",68,high,fitness,1
3,0.26,7,"0,0,0,1,0,1,0",16,low,learning,0
14,0.95,1,"1,1,1,1,1,1,1",70,high,health,1
0,0.54,11,"0,0,0,1,1,1,0",20,balanced,learning,0
15,0.85,2,"1,1,1,1,1,1,1",41,high,productivity,1
3,0.55,4,"0,0,0,1,1,0,0",26,balanced,productivity,0
7,0.72,1,"1,1,1,1,1,1,1",66,balanced,learning,1
1,0.37,7,"0,0,0,0,0,0,1",21,balanced,productivity,0
15,0.84,1,"1,1,1,1,1,1,1",54,high,learning,1
1,0.38,10,"0,1,0,1,0,0,1",37,balanced,productivity,0
16,0.79,0,"1,1,1,1,1,1,1",45,high,fitness,1
2,0.34,5,"0,1,0,0,0,1,0",23,low,productivity,0
28,0.97,1,"1,1,1,1,1,1,1",47,balanced,learning,1
2,0.43,11,"0,0,0,0,0,0,1",37,low,learning,0
17,0.83,3,"1,1,1,1,1,1,1",65,balanced,learning,1
5,0.24,10,"0,1,1,1,1,0,0",15,low,mindfulness,0
11,0.91,2,"1,1,1,1,1,1,1",35,high,fitness,1
3,0.17,5,"0,0,0,0,1,0,0",14,low,learning,0
19,0.8,1,"1,1,1,1,1,1,1",61,balanced,fitness,1
1,0.36,6,"0,0,1,1,0,1,1",27,balanced,mindfulness,0
24,0.77,3,"1,1,1,1,1,1,1",80,balanced,learning,1
3,0.37,5,"0,0,0,0,0,0,1",14,balanced,productivity,0
22,0.86,3,"1,1,1,1,1,1,1",80,balanced,fitness,1
0,0.37,7,"0,1,0,0,1,0,1",17,balanced,mindfulness,0
20,0.88,2,"1,1,1,1,1,1,1",59,balanced,fitness,1
0,0.2,8,"0,0,0,0,0,0,0",27,low,mindfulness,0
10,0.79,1,"1,1,1,1,1,1,1",81,high,fitness,1
0,0.19,11,"0,0,1,1,0,1,0",36,low,mindfulness,0
15,0.92,0,"1,1,1,1,1,1,1",85,high,fitness,1
2,0.5,4,"1,1,0,1,0,1,0",33,low,learning,0
28,0.98,3,"1,1,1,1,1,1,1",64,balanced,fitness,1
5,0.45,12,"0,0,0,0,0,0,0",31,low,mindfulness,0
14,0.88,2,"1,1,1,1,1,1,1",40,balanced,fitness,1
0,0.57,11,"0,0,0,0,0,0,0",29,balanced,learning,0
8,0.74,1,"1,1,1,1,1,1,1",38,high,productivity,1
1,0.27,12,"0,0,1,1,0,0,0",21,low,productivity,0
8,0.85,3,"1,1,1,1,1,1,1",62,balanced,fitness,1
4,0.21,9,"0,1,0,1,1,0,0",14,balanced,productivity,0
15,0.86,3,"1,1,1,1,1,0,1",48,high,learning,1
4,0.23,5,"0,0,1,1,0,0,1",14,balanced,productivity,0
20,0.89,0,"1,1,1,1,1,1,1",41,high,health,1
1,0.17,7,"0,0,0,0,0,0,0",17,low,mindfulness,0
13,0.89,0,"1,1,1,1,1,1,0",32,balanced,productivity,1
2,0.49,4,"0,0,0,0,0,0,1",40,low,mindfulness,0
14,0.86,1,"1,1,1,1,1,1,1",47,balanced,health,1
5,0.39,11,"0,0,0,1,0,0,0",20,low,learning,0
26,0.84,2,"1,1,1,1,1,1,1",66,balanced,productivity,1
5,0.32,9,"0,0,0,0,0,0,1",21,balanced,productivity,0
19,0.72,0,"1,1,1,1,1,1,1",42,balanced,health,1
2,0.57,7,"0,0,1,0,0,0,0",39,low,mindfulness,0
8,0.84,1,"1,1,1,1,1,1,0",56,high,learning,1
2,0.16,10,"0,0,1,1,1,1,0",36,low,learning,0
27,0.8,3,"1,1,1,1,1,0,0",67,balanced,productivity,1
3,0.55,5,"1,1,1,0,0,0,0",20,low,productivity,0
23,0.9,1,"1,1,1,1,1,1,0",82,high,fitness,1
3,0.25,10,"0,0,0,0,0,0,0",34,low,mindfulness,0
22,0.87,3,"1,1,1,1,1,1,1",50,high,fitness,1
0,0.24,10,"0,0,0,0,0,0,0",21,low,productivity,0
12,0.98,3,"1,1,1,1,1,1,1",43,balanced,health,1
1,0.21,9,"1,1,0,0,1,1,1",36,balanced,mindfulness,0
17,0.9,0,"1,1,1,1,1,1,1",27,balanced,fitness,1
5,0.37,7,"0,0,0,0,0,1,0",32,low,productivity,0
25,0.96,0,"1,1,1,1,1,1,1",61,high,learning,1
0,0.33,4,"0,0,1,0,1,0,1",30,balanced,mindfulness,0
